email,firstName,lastName,playlists,points.generalPoints,points.postPoints,points.reviewPoints,username,cuisines,instagramReviews,mapsReviews,redditReviews,restaurants
user1@example.com,FirstName1,LastName1,['/playlists/playlist_1'],10,5,2,user1,Italian,"[{'commentAuthor': 'user1', 'review': 'Instagram review 1', 'location': 'Location 1'}]","[{'commentAuthor': 'user1', 'review': 'Maps review 1', 'stars': 2, 'name': 'Restaurant 1'}]","[{'commentAuthor': 'user1', 'review': 'Reddit review 1', 'restaurantImage': 'image_url_1', 'summary': 'Summary 1', 'author': 'Author 1', 'description': 'Description 1', 'name': 'Restaurant 1'}]",['/restaurants/restaurant_1']
user2@example.com,FirstName2,LastName2,['/playlists/playlist_2'],20,10,4,user2,Mexican,"[{'commentAuthor': 'user2', 'review': 'Instagram review 2', 'location': 'Location 2'}]","[{'commentAuthor': 'user2', 'review': 'Maps review 2', 'stars': 3, 'name': 'Restaurant 2'}]","[{'commentAuthor': 'user2', 'review': 'Reddit review 2', 'restaurantImage': 'image_url_2', 'summary': 'Summary 2', 'author': 'Author 2', 'description': 'Description 2', 'name': 'Restaurant 2'}]",['/restaurants/restaurant_2']
user3@example.com,FirstName3,LastName3,['/playlists/playlist_3'],30,15,6,user3,Indian,"[{'commentAuthor': 'user3', 'review': 'Instagram review 3', 'location': 'Location 3'}]","[{'commentAuthor': 'user3', 'review': 'Maps review 3', 'stars': 4, 'name': 'Restaurant 3'}]","[{'commentAuthor': 'user3', 'review': 'Reddit review 3', 'restaurantImage': 'image_url_3', 'summary': 'Summary 3', 'author': 'Author 3', 'description': 'Description 3', 'name': 'Restaurant 3'}]",['/restaurants/restaurant_3']
user4@example.com,FirstName4,LastName4,['/playlists/playlist_4'],40,20,8,user4,Chinese,"[{'commentAuthor': 'user4', 'review': 'Instagram review 4', 'location': 'Location 4'}]","[{'commentAuthor': 'user4', 'review': 'Maps review 4', 'stars': 5, 'name': 'Restaurant 4'}]","[{'commentAuthor': 'user4', 'review': 'Reddit review 4', 'restaurantImage': 'image_url_4', 'summary': 'Summary 4', 'author': 'Author 4', 'description': 'Description 4', 'name': 'Restaurant 4'}]",['/restaurants/restaurant_4']
user5@example.com,FirstName5,LastName5,['/playlists/playlist_5'],50,25,10,user5,Thai,"[{'commentAuthor': 'user5', 'review': 'Instagram review 5', 'location': 'Location 5'}]","[{'commentAuthor': 'user5', 'review': 'Maps review 5', 'stars': 1, 'name': 'Restaurant 5'}]","[{'commentAuthor': 'user5', 'review': 'Reddit review 5', 'restaurantImage': 'image_url_5', 'summary': 'Summary 5', 'author': 'Author 5', 'description': 'Description 5', 'name': 'Restaurant 5'}]",['/restaurants/restaurant_5']
user6@example.com,FirstName6,LastName6,['/playlists/playlist_6'],60,30,12,user6,Japanese,"[{'commentAuthor': 'user6', 'review': 'Instagram review 6', 'location': 'Location 6'}]","[{'commentAuthor': 'user6', 'review': 'Maps review 6', 'stars': 2, 'name': 'Restaurant 6'}]","[{'commentAuthor': 'user6', 'review': 'Reddit review 6', 'restaurantImage': 'image_url_6', 'summary': 'Summary 6', 'author': 'Author 6', 'description': 'Description 6', 'name': 'Restaurant 6'}]",['/restaurants/restaurant_6']
user7@example.com,FirstName7,LastName7,['/playlists/playlist_7'],70,35,14,user7,Greek,"[{'commentAuthor': 'user7', 'review': 'Instagram review 7', 'location': 'Location 7'}]","[{'commentAuthor': 'user7', 'review': 'Maps review 7', 'stars': 3, 'name': 'Restaurant 7'}]","[{'commentAuthor': 'user7', 'review': 'Reddit review 7', 'restaurantImage': 'image_url_7', 'summary': 'Summary 7', 'author': 'Author 7', 'description': 'Description 7', 'name': 'Restaurant 7'}]",['/restaurants/restaurant_7']
user8@example.com,FirstName8,LastName8,['/playlists/playlist_8'],80,40,16,user8,Spanish,"[{'commentAuthor': 'user8', 'review': 'Instagram review 8', 'location': 'Location 8'}]","[{'commentAuthor': 'user8', 'review': 'Maps review 8', 'stars': 4, 'name': 'Restaurant 8'}]","[{'commentAuthor': 'user8', 'review': 'Reddit review 8', 'restaurantImage': 'image_url_8', 'summary': 'Summary 8', 'author': 'Author 8', 'description': 'Description 8', 'name': 'Restaurant 8'}]",['/restaurants/restaurant_8']
user9@example.com,FirstName9,LastName9,['/playlists/playlist_9'],90,45,18,user9,American,"[{'commentAuthor': 'user9', 'review': 'Instagram review 9', 'location': 'Location 9'}]","[{'commentAuthor': 'user9', 'review': 'Maps review 9', 'stars': 5, 'name': 'Restaurant 9'}]","[{'commentAuthor': 'user9', 'review': 'Reddit review 9', 'restaurantImage': 'image_url_9', 'summary': 'Summary 9', 'author': 'Author 9', 'description': 'Description 9', 'name': 'Restaurant 9'}]",['/restaurants/restaurant_9']
user10@example.com,FirstName10,LastName10,['/playlists/playlist_10'],100,50,20,user10,French,"[{'commentAuthor': 'user10', 'review': 'Instagram review 10', 'location': 'Location 10'}]","[{'commentAuthor': 'user10', 'review': 'Maps review 10', 'stars': 1, 'name': 'Restaurant 10'}]","[{'commentAuthor': 'user10', 'review': 'Reddit review 10', 'restaurantImage': 'image_url_10', 'summary': 'Summary 10', 'author': 'Author 10', 'description': 'Description 10', 'name': 'Restaurant 10'}]",['/restaurants/restaurant_10']
