username,cuisines,instagramReviews,mapsReviews,name,redditReviews
john_doe,American,"[{""commentAuthor"": ""user123"", ""review"": ""Great burgers!""}]","[{""commentAuthor"": ""user321"", ""review"": ""Very clean and friendly!"", ""stars"": 5}]",McDonalds,"[{""commentAuthor"": ""reviewer1"", ""review"": ""Fast service and delicious!"", ""restaurantImage"": ""https://example.com/mcdonalds.jpg"", ""summary"": ""Great fast food!""}]"
jane_smith,Italian,"[{""commentAuthor"": ""foodie456"", ""review"": ""Best pasta in town!""}]","[{""commentAuthor"": ""traveller654"", ""review"": ""Cozy atmosphere, great food!"", ""stars"": 4}]",Olive Garden,"[{""commentAuthor"": ""reviewer2"", ""review"": ""Homemade pasta, loved it!"", ""restaurantImage"": ""https://example.com/olivegarden.jpg"", ""summary"": ""Classic Italian experience.""}]"
alice_johnson,Mexican,"[{""commentAuthor"": ""traveller789"", ""review"": ""Loved the tacos!""}]","[{""commentAuthor"": ""localFoodie"", ""review"": ""Good, but too spicy for me."", ""stars"": 3}]",Taco Bell,"[{""commentAuthor"": ""reviewer3"", ""review"": ""Cheap and tasty!"", ""restaurantImage"": ""https://example.com/tacobell.jpg"", ""summary"": ""Affordable Mexican fast food.""}]"
bob_williams,Chinese,"[{""commentAuthor"": ""diner101"", ""review"": ""Amazing dumplings!""}]","[{""commentAuthor"": ""foodLover"", ""review"": ""Amazing service!"", ""stars"": 5}]",P.F. Chang's,"[{""commentAuthor"": ""reviewer4"", ""review"": ""Upscale and elegant!"", ""restaurantImage"": ""https://example.com/pfchangs.jpg"", ""summary"": ""High-end Chinese dining.""}]"
charlie_brown,Japanese,"[{""commentAuthor"": ""sushiLover"", ""review"": ""Fresh sushi, great taste!""}]","[{""commentAuthor"": ""nycEater"", ""review"": ""A bit pricey, but worth it."", ""stars"": 4}]",Sushi Nakazawa,"[{""commentAuthor"": ""reviewer5"", ""review"": ""Best sushi in town!"", ""restaurantImage"": ""https://example.com/sushinakazawa.jpg"", ""summary"": ""Top sushi restaurant.""}]"
emily_miller,French,"[{""commentAuthor"": ""parisInNY"", ""review"": ""Delicious croissants!""}]","[{""commentAuthor"": ""frenchFoodie"", ""review"": ""Tasty, but small portions."", ""stars"": 3}]",Le Bernardin,"[{""commentAuthor"": ""reviewer6"", ""review"": ""Amazing seafood dishes."", ""restaurantImage"": ""https://example.com/lebernardin.jpg"", ""summary"": ""French fine dining at its best.""}]"
david_davis,Thai,"[{""commentAuthor"": ""thaiFanatic"", ""review"": ""Authentic Thai food!""}]","[{""commentAuthor"": ""spiceLover"", ""review"": ""Perfect level of spice!"", ""stars"": 5}]",Thai Villa,"[{""commentAuthor"": ""reviewer7"", ""review"": ""Authentic Thai flavors!"", ""restaurantImage"": ""https://example.com/thaivilla.jpg"", ""summary"": ""Best Thai food in the city.""}]"
sophia_garcia,Indian,"[{""commentAuthor"": ""spiceKing"", ""review"": ""Rich flavors and spices!""}]","[{""commentAuthor"": ""curryKing"", ""review"": ""Loved the naan bread."", ""stars"": 4}]",Benares,"[{""commentAuthor"": ""reviewer8"", ""review"": ""Delicious Indian food."", ""restaurantImage"": ""https://example.com/benares.jpg"", ""summary"": ""Fine Indian cuisine.""}]"
michael_wilson,Mediterranean,"[{""commentAuthor"": ""healthNut"", ""review"": ""Healthy and tasty!""}]","[{""commentAuthor"": ""foodieExpert"", ""review"": ""Great for vegetarians!"", ""stars"": 4}]",Sweetgreen,"[{""commentAuthor"": ""reviewer9"", ""review"": ""Great for health-conscious diners."", ""restaurantImage"": ""https://example.com/sweetgreen.jpg"", ""summary"": ""Healthy Mediterranean food.""}]"
olivia_martinez,Greek,"[{""commentAuthor"": ""greekFan"", ""review"": ""Loved the gyros!""}]","[{""commentAuthor"": ""greekGod"", ""review"": ""Authentic Greek flavors."", ""stars"": 5}]",Taverna Kyclades,"[{""commentAuthor"": ""reviewer10"", ""review"": ""Tasty Greek cuisine!"", ""restaurantImage"": ""https://example.com/tavernakyclades.jpg"", ""summary"": ""Authentic Greek dining.""}]"
